id,branch_id,medicine_id,quantity,low_stock_threshold,reserved_quantity
1,1,1,100,10,0
2,1,2,25,5,0
3,1,3,60,10,0
4,1,4,45,10,0
5,1,5,30,5,0
6,1,6,20,5,0
7,1,7,40,10,0
8,1,8,15,5,0
9,1,9,80,10,0
10,1,10,50,10,0
11,1,11,25,5,0
12,1,12,18,5,0
13,2,1,40,10,0
14,2,2,5,5,0
15,2,3,15,10,0
16,2,4,20,10,0
17,2,5,10,5,0
18,2,6,8,5,0
19,2,7,25,10,0
20,2,8,2,5,0
21,2,9,40,10,0
22,2,10,30,10,0
23,2,11,12,5,0
24,2,12,6,5,0
25,3,1,75,10,0
26,3,2,18,5,0
27,3,3,50,10,0
28,3,4,35,10,0
29,3,5,22,5,0
30,3,6,15,5,0
31,3,7,30,10,0
32,3,8,10,5,0
33,3,9,60,10,0
34,3,10,40,10,0
35,3,11,20,5,0
36,3,12,12,5,0
37,4,1,90,10,0
38,4,2,20,5,0
39,4,3,55,10,0
40,4,4,40,10,0
41,4,5,25,5,0
42,4,6,18,5,0
43,4,7,35,10,0
44,4,8,12,5,0
45,4,9,70,10,0
46,4,10,45,10,0
47,4,11,22,5,0
48,4,12,15,5,0
49,5,1,85,10,0
50,5,2,15,5,0
51,5,3,45,10,0
52,5,4,30,10,0
53,5,5,18,5,0
54,5,6,12,5,0
55,5,7,28,10,0
56,5,8,8,5,0
57,5,9,65,10,0
58,5,10,38,10,0
59,5,11,18,5,0
60,5,12,10,5,0
